well,rows,depth_min,depth_max,sampling_step,missing_depth,missing_vsh,missing_phit,missing_sw,missing_perm,missing_well
1,2651,1850.0,2380.0,0.20000000000004547,0,0,0,0,0,0
2,3401,2010.0,2690.0,0.1999999999998181,0,0,0,0,0,0
3,1951,1920.0,2310.0,0.20000000000004547,0,0,78,0,0,0
4,3251,2100.0,2750.0,0.1999999999998181,0,0,0,0,0,0
5,1061,1970.0,2500.0,0.5,0,0,0,0,0,0
6,3101,1800.0,2420.0,0.20000000000004547,0,0,0,0,0,0
7,2751,2050.0,2600.0,0.1999999999998181,0,0,0,0,0,0
